Location,Category
https://prod-5929f14.s3.eu-north-1.amazonaws.com/accounts/111/files/cjxqgdkb1000v08ys2z2427l3,RØROPPLEGG TOALETT UTE
https://prod-5929f14.s3.eu-north-1.amazonaws.com/accounts/111/files/cjxqgdq16002r08um2sloclnp,TOALETT UTE
https://prod-5929f14.s3.eu-north-1.amazonaws.com/accounts/111/files/cjxqgdzp1001208ugfzh08knd,UTE
https://prod-5929f14.s3.eu-north-1.amazonaws.com/accounts/111/files/cjxqge58l002s08umg0j0dlpj,
https://prod-5929f14.s3.eu-north-1.amazonaws.com/accounts/111/files/cjxqhhu6q001308uggmy17n4s,KVITTERING
https://prod-5929f14.s3.eu-north-1.amazonaws.com/accounts/111/files/cjxqhhzh8001408ug3ymr1owu,KVITTERING
https://prod-5929f14.s3.eu-north-1.amazonaws.com/accounts/111/files/cjxqhj7vv000x08ys5ni81x2j,SERVANT KJØKKEN
https://prod-5929f14.s3.eu-north-1.amazonaws.com/accounts/111/files/cjxqhjeyi001608ug7rag8ct7,SERVANT KJØKKEN
https://prod-5929f14.s3.eu-north-1.amazonaws.com/accounts/111/files/cjxqhjjzo000y08yscg9bczon,SERVANT VARMTVANNSBEREDER KJØKKEN
https://prod-5929f14.s3.eu-north-1.amazonaws.com/accounts/111/files/cjxqhjrbz000z08ys8uyt3nls,KJØKKEN
https://prod-5929f14.s3.eu-north-1.amazonaws.com/accounts/111/files/cjxqhjwg5002w08umasxedbox,KJØKKEN
https://prod-5929f14.s3.eu-north-1.amazonaws.com/accounts/111/files/cjy7r9yx9000708z8duy35j9r,SERVANT KJØKKEN
https://prod-5929f14.s3.eu-north-1.amazonaws.com/accounts/111/files/cjyndsvig000708x8hao00vdm,KVITTERING
https://prod-5929f14.s3.eu-north-1.amazonaws.com/accounts/111/files/ck38ijlnd009j07op34ey5b0u,RØROPPLEGG
https://prod-5929f14.s3.eu-north-1.amazonaws.com/accounts/111/files/ck396iixv00eg08peh7of8ane,SERVANT KJØKKEN
https://prod-5929f14.s3.eu-north-1.amazonaws.com/accounts/111/files/ck3fqss9300no08pe9enxcenz,
https://prod-5929f14.s3.eu-north-1.amazonaws.com/accounts/111/files/ck3g6g4up000407lw4ngh84oj,FORDELERSKAP
https://prod-5929f14.s3.eu-north-1.amazonaws.com/accounts/111/files/ck3g6gfde000b07p3ajqmg6uk,FORDELERSKAP
https://prod-5929f14.s3.eu-north-1.amazonaws.com/accounts/111/files/ck3g6gh29000507lw017s9iyi,FORDELERSKAP BADEROM
https://prod-5929f14.s3.eu-north-1.amazonaws.com/accounts/111/files/ck3g6h55z000607lw44ll0kzi,BADEROM RØROPPLEGG RØRARBEID
https://prod-5929f14.s3.eu-north-1.amazonaws.com/accounts/111/files/ck3g6i32b000907nt8itd9tmy,AVLØP RØROPPLEGG
https://prod-5929f14.s3.eu-north-1.amazonaws.com/accounts/111/files/ck3g6jn9w000907lw13bb70fi,RØROPPLEGG
https://prod-5929f14.s3.eu-north-1.amazonaws.com/accounts/111/files/ck3jvhs4x003907ikal2wfbyx,SERVANT KJØKKEN
https://prod-5929f14.s3.eu-north-1.amazonaws.com/accounts/111/files/ck3jvhtdl004v07hpgozx1rp2,SERVANT KJØKKEN
https://prod-5929f14.s3.eu-north-1.amazonaws.com/accounts/111/files/ck3o8xuo6004f08mre3gc5v86,AVLØP RØROPPLEGG BADEROM
https://prod-5929f14.s3.eu-north-1.amazonaws.com/accounts/111/files/ck3o8xzgj003309n37grmef9d,FORDELERSKAP SLUK BADEROM
https://prod-5929f14.s3.eu-north-1.amazonaws.com/accounts/111/files/ck3o8yn18004j07mfhglg5zwa,SLUK AVLØP BADEROM
https://prod-5929f14.s3.eu-north-1.amazonaws.com/accounts/111/files/ck6i1v4pf00vm07nq4sz83rx4,RØROPPLEGG FORDELERSKAP ARBEIDSPLASS
https://prod-5929f14.s3.eu-north-1.amazonaws.com/accounts/111/files/ck3pmua00008107mf0tr74cmu,RØROPPLEGG VARMTVANNSBEREDER
https://prod-5929f14.s3.eu-north-1.amazonaws.com/accounts/111/files/ck444nrcz00n00aim2ez5e46h,SERVANT KJØKKEN
https://prod-5929f14.s3.eu-north-1.amazonaws.com/accounts/111/files/ck444nwu600qx07hy1qq9cob1,SERVANT KONTOR
https://prod-5929f14.s3.eu-north-1.amazonaws.com/accounts/111/files/ck4b4jdjx001607ish1t03fti,VARMTVANNSBEREDER
https://prod-5929f14.s3.eu-north-1.amazonaws.com/accounts/111/files/ck4cgdoxd003v07isgiuq7g0r,SERVANT AVLØP KJØKKEN
https://prod-5929f14.s3.eu-north-1.amazonaws.com/accounts/111/files/ck4coo9zz004g08fx5sqydjm6,AVLØP RØROPPLEGG
https://prod-5929f14.s3.eu-north-1.amazonaws.com/accounts/111/files/ck4cooks0004t07is4wizbgvr,SERVANT BADEROM
https://prod-5929f14.s3.eu-north-1.amazonaws.com/accounts/111/files/ck4copcff004k08fx471revv1,SERVANT KJØKKEN
https://prod-5929f14.s3.eu-north-1.amazonaws.com/accounts/111/files/ck4coplu7004l08fx8nsm9kw0,RØROPPLEGG KJØKKEN
https://prod-5929f14.s3.eu-north-1.amazonaws.com/accounts/111/files/ck55ji269000907mx74ea0uec,RØRARBEID
https://prod-5929f14.s3.eu-north-1.amazonaws.com/accounts/111/files/ck55jia0b000g0bolb14027i9,RØROPPLEGG
https://prod-5929f14.s3.eu-north-1.amazonaws.com/accounts/111/files/ck55jjbbs000b07mx5j8t15il,AVLØP ARBEIDSPLASS
https://prod-5929f14.s3.eu-north-1.amazonaws.com/accounts/111/files/ck5gulqfp006b08pr11s5gd0w,RØROPPLEGG SLUK
https://prod-5929f14.s3.eu-north-1.amazonaws.com/accounts/111/files/ck5gulvad006c08pr13si4cae,SLUK AVLØP BADEROM
https://prod-5929f14.s3.eu-north-1.amazonaws.com/accounts/111/files/ck5gum86b006e08pr32j71zfi,RØROPPLEGG SLUK BADEROM
https://prod-5929f14.s3.eu-north-1.amazonaws.com/accounts/111/files/ck5m9gnmd00ad07k69xb5c45g,AVLØP RØROPPLEGG
https://prod-5929f14.s3.eu-north-1.amazonaws.com/accounts/111/files/ck5m9iq0l00ce07m1g7ht974b,RØRARBEID ARBEIDSPLASS
https://prod-5929f14.s3.eu-north-1.amazonaws.com/accounts/111/files/ck5m9mftw00ap07k6ghguau79,AVLØP
https://prod-5929f14.s3.eu-north-1.amazonaws.com/accounts/111/files/ck5m9mng000ci07m1f6vg2j7z,AVLØP
https://prod-5929f14.s3.eu-north-1.amazonaws.com/accounts/111/files/ck5m9mvvm00cj07m19nlb6kcy,AVLØP RØRARBEID
https://prod-5929f14.s3.eu-north-1.amazonaws.com/accounts/111/files/ck5y3fvyq00nh07ipe6s6ebc4,TOALETT BADEROM
https://prod-5929f14.s3.eu-north-1.amazonaws.com/accounts/111/files/ck6i1u7fi00vk07nqe44xdavn,FORDELERSKAP RØROPPLEGG ARBEIDSPLASS
https://prod-5929f14.s3.eu-north-1.amazonaws.com/accounts/111/files/ck6i1uitz01gi08n30bf89x11,TOALETT BADEROM
https://prod-5929f14.s3.eu-north-1.amazonaws.com/accounts/111/files/ck6i1uqmp019108oybrgqe4kq,TOALETT ARBEIDSPLASS
https://prod-5929f14.s3.eu-north-1.amazonaws.com/accounts/111/files/ck6l6fco3026o08n383zn455q,RØROPPLEGG SERVANT
https://prod-5929f14.s3.eu-north-1.amazonaws.com/accounts/136/files/ck41jsqnx00k607hy25tsfwro,
https://prod-5929f14.s3.eu-north-1.amazonaws.com/accounts/136/files/ck4y530ed00su07iseh6423sg,KONTOR
https://prod-5929f14.s3.eu-north-1.amazonaws.com/accounts/136/files/ck4y54i5d00sr08fxhep32vr8,KONTOR
https://prod-5929f14.s3.eu-north-1.amazonaws.com/accounts/136/files/ck55aw2pe004m07q155r90aa7,AVLØP
https://prod-5929f14.s3.eu-north-1.amazonaws.com/accounts/136/files/ck55awews004007po6np77uk3,RØROPPLEGG
https://prod-5929f14.s3.eu-north-1.amazonaws.com/accounts/136/files/ck57tuzn6000y07ir4np647aj,FORDELERSKAP
https://prod-5929f14.s3.eu-north-1.amazonaws.com/accounts/136/files/ck57tw9gs001707hdeuhe28p6,RØROPPLEGG
https://prod-5929f14.s3.eu-north-1.amazonaws.com/accounts/136/files/ck57twz8r001w07h2cqffbqzp,BADEROM RØROPPLEGG RØRARBEID
https://prod-5929f14.s3.eu-north-1.amazonaws.com/accounts/136/files/ck57tzo8b001a07hdacocdzwh,ARBEIDSPLASS RØROPPLEGG
https://prod-5929f14.s3.eu-north-1.amazonaws.com/accounts/136/files/ck57u0qeb001z07h2densf8ek,TOALETT BADEROM
https://prod-5929f14.s3.eu-north-1.amazonaws.com/accounts/136/files/ck57u0y2f001207ir222aatsa,TOALETT BADEROM
https://prod-5929f14.s3.eu-north-1.amazonaws.com/accounts/136/files/ck57u1cgz001307irgw7r5iyu,RØROPPLEGG ARBEIDSPLASS
https://prod-5929f14.s3.eu-north-1.amazonaws.com/accounts/136/files/ck57u1jlj001407irh1w6ggj9,RØRARBEID
https://prod-5929f14.s3.eu-north-1.amazonaws.com/accounts/136/files/ck57u2asr002007h29z3y65ww,FORDELERSKAP RØROPPLEGG BADEROM
https://prod-5929f14.s3.eu-north-1.amazonaws.com/accounts/136/files/ck57u2mcc001507ir7y9vcstw,RØROPPLEGG
https://prod-5929f14.s3.eu-north-1.amazonaws.com/accounts/136/files/ck57u3a6k001607ir4x8e8jxk,RØROPPLEGG
https://prod-5929f14.s3.eu-north-1.amazonaws.com/accounts/136/files/ck57u3urw001d07hd6lbe2ciz,TOALETT RØRARBEID BADEROM RØROPPLEGG
https://prod-5929f14.s3.eu-north-1.amazonaws.com/accounts/136/files/ck57u4i02001707ir7xfe6j5q,TOALETT BADEROM
https://prod-5929f14.s3.eu-north-1.amazonaws.com/accounts/136/files/ck57vzjsj002307ir54p63c29,RØROPPLEGG
https://prod-5929f14.s3.eu-north-1.amazonaws.com/accounts/136/files/ck5du5lsp004507roh664c0f7,UTE
https://prod-5929f14.s3.eu-north-1.amazonaws.com/accounts/136/files/ck5du5ols006b07qx1fophskp,UTE
https://prod-5929f14.s3.eu-north-1.amazonaws.com/accounts/136/files/ck5du756p006d07qx6z7d9nnc,DRENERING UTE
https://prod-5929f14.s3.eu-north-1.amazonaws.com/accounts/136/files/ck5du7mbs006e07qx2ico6k57,UTE
https://prod-5929f14.s3.eu-north-1.amazonaws.com/accounts/136/files/ck5du8ri2008g07on1uz25bp0,UTE
https://prod-5929f14.s3.eu-north-1.amazonaws.com/accounts/136/files/ck5du8vlt006f07qx3sypgiel,
https://prod-5929f14.s3.eu-north-1.amazonaws.com/accounts/136/files/ck5du997n004a07roczn7g2mc,RØROPPLEGG UTE
https://prod-5929f14.s3.eu-north-1.amazonaws.com/accounts/136/files/ck5du9bfm004b07ro5pd2go4i,RØROPPLEGG UTE
https://prod-5929f14.s3.eu-north-1.amazonaws.com/accounts/136/files/ck5dub4iv008n07one9j767os,RØRARBEID UTE
https://prod-5929f14.s3.eu-north-1.amazonaws.com/accounts/136/files/ck5dubhn6004g07ro7bre3dxz,RØROPPLEGG UTE
https://prod-5929f14.s3.eu-north-1.amazonaws.com/accounts/136/files/ck5dubp8q006i07qx9guffnge,AVLØP DRENERING UTE
https://prod-5929f14.s3.eu-north-1.amazonaws.com/accounts/136/files/ck5ducfwy004h07ro3z6ja76c,RØRARBEID ARBEIDSPLASS DRENERING
https://prod-5929f14.s3.eu-north-1.amazonaws.com/accounts/136/files/ck5ducnt8006j07qx7vklfdg1,RØRARBEID UTE
https://prod-5929f14.s3.eu-north-1.amazonaws.com/accounts/136/files/ck5i3tnek001s07klcekdhc2h,RADIATOR
https://prod-5929f14.s3.eu-north-1.amazonaws.com/accounts/136/files/ck5i3ud6s001v07kledgvc0lb,RADIATOR
https://prod-5929f14.s3.eu-north-1.amazonaws.com/accounts/136/files/ck5i3wvw5002607k657fc6r70,RØROPPLEGG VARMTVANNSBEREDER
https://prod-5929f14.s3.eu-north-1.amazonaws.com/accounts/136/files/ck5i3y8kv002807m10gx144vm,VARMTVANNSBEREDER RØROPPLEGG
https://prod-5929f14.s3.eu-north-1.amazonaws.com/accounts/136/files/ck69es2uk01o708i94sffbm0f,RØROPPLEGG BADEROM
https://prod-5929f14.s3.eu-north-1.amazonaws.com/accounts/136/files/ck69qbo6e01jz0bkchhq62w31,DRENERING AVLØP UTE
https://prod-5929f14.s3.eu-north-1.amazonaws.com/accounts/136/files/ck69qbo6l01qp08i9c01v9cjf,AVLØP DRENERING UTE VA
https://prod-5929f14.s3.eu-north-1.amazonaws.com/accounts/136/files/ck69qbo6w01qq08i9a8b62log,DRENERING AVLØP UTE
https://prod-5929f14.s3.eu-north-1.amazonaws.com/accounts/136/files/ck69qbo7401k20bkc3vgc7lo1,DRENERING AVLØP UTE
https://prod-5929f14.s3.eu-north-1.amazonaws.com/accounts/136/files/ck69qbo7501ef08ih9o0y37ek,AVLØP DRENERING UTE
https://prod-5929f14.s3.eu-north-1.amazonaws.com/accounts/136/files/ck69qbo7f01k30bkc5c7qbi78,DRENERING AVLØP UTE RØROPPLEGG VA
https://prod-5929f14.s3.eu-north-1.amazonaws.com/accounts/136/files/ck69qbo7i01k40bkccwsw738c,RØROPPLEGG AVLØP VA
https://prod-5929f14.s3.eu-north-1.amazonaws.com/accounts/136/files/ck69qbo7k01eh08iheemzcaby,AVLØP DRENERING UTE
https://prod-5929f14.s3.eu-north-1.amazonaws.com/accounts/136/files/ck69qbo7w01ei08ih80whegqn,AVLØP BUNNLEDNING
https://prod-5929f14.s3.eu-north-1.amazonaws.com/accounts/136/files/ck69qbo8401ej08ih3sae68k8,UTE
https://prod-5929f14.s3.eu-north-1.amazonaws.com/accounts/136/files/ck69qcjws01k70bkcggq6f9l4,AVLØP UTE
https://prod-5929f14.s3.eu-north-1.amazonaws.com/accounts/136/files/ck69qck5z01k90bkc2r8m2kz0,DRENERING AVLØP UTE
https://prod-5929f14.s3.eu-north-1.amazonaws.com/accounts/136/files/ck69qck9z01ka0bkc7k5jh7yx,AVLØP DRENERING UTE RØROPPLEGG
https://prod-5929f14.s3.eu-north-1.amazonaws.com/accounts/136/files/ck69qckex01kb0bkc605p4zjh,DRENERING AVLØP UTE
https://prod-5929f14.s3.eu-north-1.amazonaws.com/accounts/136/files/ck69qckiy01kc0bkcbprsbfr7,AVLØP DRENERING UTE
https://prod-5929f14.s3.eu-north-1.amazonaws.com/accounts/136/files/ck69qckng01kd0bkcapts0j11,AVLØP BUNNLEDNING
https://prod-5929f14.s3.eu-north-1.amazonaws.com/accounts/136/files/ck69qckqz01ke0bkc40i6chma,DRENERING AVLØP UTE AV
https://prod-5929f14.s3.eu-north-1.amazonaws.com/accounts/136/files/ck69qckuu01kf0bkcfvucea1b,RØRARBEID
https://prod-5929f14.s3.eu-north-1.amazonaws.com/accounts/136/files/ck69qckyg01kg0bkc78838uwo,DRENERING
https://prod-5929f14.s3.eu-north-1.amazonaws.com/accounts/136/files/ck69qcl6801ki0bkc2x5hbxly,AVLØP DRENERING UTE
https://prod-5929f14.s3.eu-north-1.amazonaws.com/accounts/136/files/ck69qcl9v01kj0bkc2l655s9n,VA
https://prod-5929f14.s3.eu-north-1.amazonaws.com/accounts/136/files/ck69qcljp01kl0bkcgvq4hl19,AVLØP DRENERING UTE
https://prod-5929f14.s3.eu-north-1.amazonaws.com/accounts/136/files/ck69qcln201km0bkccvsp2zrg,RØRARBEID
https://prod-5929f14.s3.eu-north-1.amazonaws.com/accounts/136/files/ck69qclry01kn0bkc80gw3k8h,RØROPPLEGG DRENERING UTE
https://prod-5929f14.s3.eu-north-1.amazonaws.com/accounts/136/files/ck69qclw501ko0bkcfjri687y,AVLØP DRENERING UTE
https://prod-5929f14.s3.eu-north-1.amazonaws.com/accounts/136/files/ck6as23fg00560ams6pb2h7y9,AVLØP TOALETT BADEROM
https://prod-5929f14.s3.eu-north-1.amazonaws.com/accounts/136/files/ck6as2fzv00570amsc3f9dxii,RØROPPLEGG FORDELERSKAP BADEROM
https://prod-5929f14.s3.eu-north-1.amazonaws.com/accounts/136/files/ck6as2v22008908n315233m6v,RØROPPLEGG
https://prod-5929f14.s3.eu-north-1.amazonaws.com/accounts/136/files/ck6as2w7r00580ams2kf0ftqo,RØROPPLEGG FORDELERSKAP
https://prod-5929f14.s3.eu-north-1.amazonaws.com/accounts/136/files/ck6izx6cg01mg08n33ku864cp,VARMEKABLER BADEROM ARBEIDSPLASS
https://prod-5929f14.s3.eu-north-1.amazonaws.com/accounts/136/files/ck6izxdc2010807nq85aw54c8,VARMEKABLER RØRARBEID BADEROM
https://prod-5929f14.s3.eu-north-1.amazonaws.com/accounts/136/files/ck6izxlnu01mh08n3bfhrc62g,VARMEKABLER
https://prod-5929f14.s3.eu-north-1.amazonaws.com/accounts/136/files/ck6izy0q201mi08n3bsp0656p,VARMEKABLER
https://prod-5929f14.s3.eu-north-1.amazonaws.com/accounts/136/files/ck6izy7db01dx08oydvda76g3,VARMEKABLER BADEROM
https://prod-5929f14.s3.eu-north-1.amazonaws.com/accounts/136/files/ck6izyegc01dy08oyc37h08i3,VARMEKABLER BADEROM
https://prod-5929f14.s3.eu-north-1.amazonaws.com/accounts/136/files/ck6izytgl01dz08oyhu7q94k5,VARMEKABLER BADEROM
https://prod-5929f14.s3.eu-north-1.amazonaws.com/accounts/136/files/ck6izz08p010b07nq8b3j6044,VARMEKABLER ARBEIDSPLASS
https://prod-5929f14.s3.eu-north-1.amazonaws.com/accounts/136/files/ck6izzdwu010c07nq40p4aq6p,VARMEKABLER RØRARBEID ARBEIDSPLASS
https://prod-5929f14.s3.eu-north-1.amazonaws.com/accounts/136/files/ck6izzgh1010d07nq9awv9387,VARMEKABLER
https://prod-5929f14.s3.eu-north-1.amazonaws.com/accounts/136/files/ck6izzti201ml08n3g5r0f62c,VARMEKABLER BADEROM
https://prod-5929f14.s3.eu-north-1.amazonaws.com/accounts/136/files/ck6izzznq01e008oybkak9k8j,VARMEKABLER RØROPPLEGG BADEROM RØRARBEID
https://prod-c467854.s3.eu-north-1.amazonaws.com/accounts/105/files/_Iz0RUDx5f33QsYcCCF36,
https://prod-c467854.s3.eu-north-1.amazonaws.com/accounts/105/files/-27JdwcLiPG622Hsr0HRq,DUSJ BADEROM
https://prod-c467854.s3.eu-north-1.amazonaws.com/accounts/105/files/-FyTmOM8JMq65vHJQpbvF,RØRARBEID
https://prod-c467854.s3.eu-north-1.amazonaws.com/accounts/105/files/-qtONaGFr9Q2r8DVg4-2G,VARMTVANNSBEREDER
https://prod-c467854.s3.eu-north-1.amazonaws.com/accounts/105/files/-ROCfu3c__pJdGILI5vSC,DUSJ BADEROM
https://prod-c467854.s3.eu-north-1.amazonaws.com/accounts/105/files/-yZaVPuZJaqdPlqMv-8vz,RØROPPLEGG KJØKKEN
https://prod-c467854.s3.eu-north-1.amazonaws.com/accounts/105/files/0_PeubrPa-cyS_dU4s30I,BADEROM SERVANT
https://prod-c467854.s3.eu-north-1.amazonaws.com/accounts/105/files/00MQ176ZDKxcZx8MirZfG,RØROPPLEGG
https://prod-c467854.s3.eu-north-1.amazonaws.com/accounts/105/files/0g-byULJehq_IpfoZ-moH,RØROPPLEGG
https://prod-c467854.s3.eu-north-1.amazonaws.com/accounts/105/files/1c1XrC8HigXjwM2Fh_Pim,ARBEIDSPLASS
https://prod-c467854.s3.eu-north-1.amazonaws.com/accounts/105/files/1hL8vEmbDiaeqmdLcXgWA,
https://prod-c467854.s3.eu-north-1.amazonaws.com/accounts/105/files/1XTR1_kdDzrmBHk7Cb3zk,RØROPPLEGG SERVANT
https://prod-c467854.s3.eu-north-1.amazonaws.com/accounts/105/files/2_kDMbSmPm6BVezIYVhe1,RØROPPLEGG
https://prod-c467854.s3.eu-north-1.amazonaws.com/accounts/105/files/28ucMOdbFpaL7fi6K7AL2,RØROPPLEGG
https://prod-c467854.s3.eu-north-1.amazonaws.com/accounts/105/files/2qeLxYyXGHY6unOHvrN5v,RØROPPLEGG VARMTVANNSBEREDER
https://prod-c467854.s3.eu-north-1.amazonaws.com/accounts/105/files/2QqTShMhQNOITKS1QoIzg,TOALETT BADEROM
https://prod-c467854.s3.eu-north-1.amazonaws.com/accounts/105/files/2sOTi5RTijgMG64PlK0mh,RØROPPLEGG
https://prod-c467854.s3.eu-north-1.amazonaws.com/accounts/105/files/2xMCPTehxy0ej-9Nf_2tz,ARBEIDSTEGNINGER
https://prod-c467854.s3.eu-north-1.amazonaws.com/accounts/105/files/3_-ajHEiZ1C1VbZ29WMfc,ARBEIDSPLASS
https://prod-c467854.s3.eu-north-1.amazonaws.com/accounts/105/files/36NbAqX_zpB0DNYWp4jy_,RØROPPLEGG
https://prod-c467854.s3.eu-north-1.amazonaws.com/accounts/105/files/3Cd6T38tKTuBqiQSa8VYt,RØROPPLEGG
https://prod-c467854.s3.eu-north-1.amazonaws.com/accounts/105/files/3k4oWfrqdnEs0O6HSixvO,AVLØP ARBEIDSPLASS
https://prod-c467854.s3.eu-north-1.amazonaws.com/accounts/105/files/3noBU7fvq0v5gkYTL5MJg,RØROPPLEGG
https://prod-c467854.s3.eu-north-1.amazonaws.com/accounts/105/files/3onSdWi9nDtBGyoYlpDfY,FORDELERSKAP RØRARBEID ARBEIDSPLASS
https://prod-c467854.s3.eu-north-1.amazonaws.com/accounts/105/files/3q9cLLY-R1cnNMHbv0uUf,RØROPPLEGG
https://prod-c467854.s3.eu-north-1.amazonaws.com/accounts/105/files/3sOnjR-_Ub8_GK1IuUtvc,RØROPPLEGG
https://prod-c467854.s3.eu-north-1.amazonaws.com/accounts/105/files/3WHRyJlkM2dJzmDa2uoMU,ARBEIDSPLASS
https://prod-c467854.s3.eu-north-1.amazonaws.com/accounts/105/files/4KAF2mUSQFOBLMZ5bZZuK,RØROPPLEGG
https://prod-c467854.s3.eu-north-1.amazonaws.com/accounts/105/files/4kv8-GRgXqrSjINcuUv5U,BADEROM SERVANT DUSJ TOALETT
https://prod-c467854.s3.eu-north-1.amazonaws.com/accounts/105/files/4mw5uAaR7pB5WoHRUhiGU,RØROPPLEGG
https://prod-c467854.s3.eu-north-1.amazonaws.com/accounts/105/files/4sNx-3ZTxsz01J6DPkz4J,FORDELERSKAP RØROPPLEGG BADEROM
https://prod-c467854.s3.eu-north-1.amazonaws.com/accounts/105/files/4UVhVuVAWmar38exI2c0c,RØROPPLEGG
https://prod-c467854.s3.eu-north-1.amazonaws.com/accounts/105/files/4vhpDqtt-_2BFpOhLkhXl,RØRARBEID
https://prod-c467854.s3.eu-north-1.amazonaws.com/accounts/105/files/5A1tbMT1zncnIxtB4DSr-,RØROPPLEGG
https://prod-c467854.s3.eu-north-1.amazonaws.com/accounts/105/files/5c0GmF3OvIRBQ0gU7dAvS,BADEROM SERVANT DUSJ TOALETT
https://prod-c467854.s3.eu-north-1.amazonaws.com/accounts/105/files/5JC_8A8B-I_3-zC_AuN8h,RØROPPLEGG SERVANT
https://prod-c467854.s3.eu-north-1.amazonaws.com/accounts/105/files/5KwXslj3yoY_NzJz0EmiU,SERVANT AVLØP KJØKKEN
https://prod-c467854.s3.eu-north-1.amazonaws.com/accounts/105/files/5TA4boQQO4lOP8qwRj8mY,BADEROM SERVANT DUSJ TOALETT
https://prod-c467854.s3.eu-north-1.amazonaws.com/accounts/105/files/5Yf4ZofmfuKIt9pi2E8YK,SERVANT RØROPPLEGG
https://prod-c467854.s3.eu-north-1.amazonaws.com/accounts/105/files/6K2Y1eOeMThJnKrLNrhJX,RØROPPLEGG
https://prod-c467854.s3.eu-north-1.amazonaws.com/accounts/105/files/6nJ8uG3RIgZNJHiIZ3cm7,RØRARBEID
https://prod-c467854.s3.eu-north-1.amazonaws.com/accounts/105/files/6SDVFfj-NcddXWGlSkrjr,RØROPPLEGG
https://prod-c467854.s3.eu-north-1.amazonaws.com/accounts/105/files/7jykLYIXsFytqvOX1w1XQ,SERVANT UTEKRAN
https://prod-c467854.s3.eu-north-1.amazonaws.com/accounts/105/files/80DUt6NpDGq8pe4CAW_-e,ARBEIDSPLASS
https://prod-c467854.s3.eu-north-1.amazonaws.com/accounts/105/files/89D2-qymuMUSztuM3LHFH,SERVANT UTEKRAN
https://prod-c467854.s3.eu-north-1.amazonaws.com/accounts/105/files/8G05dX_ymWQypCgnTI4uS,RØROPPLEGG
https://prod-c467854.s3.eu-north-1.amazonaws.com/accounts/105/files/8N7EVkFOywrcmDGtIyANe,RØROPPLEGG
https://prod-c467854.s3.eu-north-1.amazonaws.com/accounts/105/files/8PTbanc2Qq3K5WDw_cCwn,RØROPPLEGG ARBEIDSPLASS
https://prod-c467854.s3.eu-north-1.amazonaws.com/accounts/105/files/8VRgqg4p2MlX2ExtYF_2r,AVLØP BADEROM
https://prod-c467854.s3.eu-north-1.amazonaws.com/accounts/105/files/9DJiht6K0_MBXAr2KP23w,AVLØP
https://prod-c467854.s3.eu-north-1.amazonaws.com/accounts/105/files/9GnkqBxonFPp8YcwBDN0S,ARBEIDSTEGNINGER
https://prod-c467854.s3.eu-north-1.amazonaws.com/accounts/105/files/9nBhtfQFXOgTniSB1HhX5,RØROPPLEGG DUSJ BUNNLEDNING
https://prod-c467854.s3.eu-north-1.amazonaws.com/accounts/105/files/9TFv3YaqxTSWH3759uVtw,AVLØP SERVANT KJØKKEN
https://prod-c467854.s3.eu-north-1.amazonaws.com/accounts/105/files/9tIzpslMQfoxjcyyybpex,BADEROM
https://prod-c467854.s3.eu-north-1.amazonaws.com/accounts/105/files/9Vn4pDlRyEh-KtZWwglkw,RØROPPLEGG BUNNLEDNING
https://prod-c467854.s3.eu-north-1.amazonaws.com/accounts/105/files/AnqGLGCJa5cIkLHLiSRGA,AVLØP BADEROM
https://prod-c467854.s3.eu-north-1.amazonaws.com/accounts/105/files/aUSTI1PAPZAXH8JwEk9TH,
https://prod-c467854.s3.eu-north-1.amazonaws.com/accounts/105/files/aZ7iqLkPW_tIDyf2OapwE,RØROPPLEGG SERVANT
https://prod-c467854.s3.eu-north-1.amazonaws.com/accounts/105/files/azcsT00DaPLi_IO8VfvNK,RØROPPLEGG
https://prod-c467854.s3.eu-north-1.amazonaws.com/accounts/105/files/B-LOvLF0KCzS7J_nPV3TM,ARBEIDSPLASS
https://prod-c467854.s3.eu-north-1.amazonaws.com/accounts/105/files/b4du-qytmvEpo_MKcWwlv,RØROPPLEGG SERVANT
https://prod-c467854.s3.eu-north-1.amazonaws.com/accounts/105/files/B54WQKxn3bVdvJNYv4Dqa,RØROPPLEGG SERVANT
https://prod-c467854.s3.eu-north-1.amazonaws.com/accounts/105/files/BdLJ1R0CQSDazYglO6Yg0,BADEROM DUSJ TOALETT
https://prod-c467854.s3.eu-north-1.amazonaws.com/accounts/105/files/Be35WMqDlkRjOX326Fkk9,BADEROM
https://prod-c467854.s3.eu-north-1.amazonaws.com/accounts/105/files/BhDlaCJSLprQOCCVISWTg,RØROPPLEGG
https://prod-c467854.s3.eu-north-1.amazonaws.com/accounts/105/files/BogeOV6f-paIIbdp0XHYf,RØROPPLEGG SERVANT
https://prod-c467854.s3.eu-north-1.amazonaws.com/accounts/105/files/btkLvFWdEkTTsd807aL5K,RØROPPLEGG SERVANT
https://prod-c467854.s3.eu-north-1.amazonaws.com/accounts/105/files/bxYrlqhW3sxKIoy4n3wKo,RØROPPLEGG
https://prod-c467854.s3.eu-north-1.amazonaws.com/accounts/105/files/ByrqfQlQAOlrb_66kl0wd,RØROPPLEGG
https://prod-c467854.s3.eu-north-1.amazonaws.com/accounts/105/files/BZ99zbPK5__AIfWOC4rxy,BADEROM
https://prod-c467854.s3.eu-north-1.amazonaws.com/accounts/105/files/c1Si2n0Czvs9n6a-x5U05,RØROPPLEGG
https://prod-c467854.s3.eu-north-1.amazonaws.com/accounts/105/files/c2bUu4nGVTQsSS28MXvlT,AVLØP RØROPPLEGG
https://prod-c467854.s3.eu-north-1.amazonaws.com/accounts/105/files/c53gQjjLnsm3ZYpid4hYX,BADEROM
https://prod-c467854.s3.eu-north-1.amazonaws.com/accounts/105/files/CAV4Ibp1Hpw8uCKoM05i5,AVLØP RØRARBEID
https://prod-c467854.s3.eu-north-1.amazonaws.com/accounts/105/files/Cc7PPHYTd21K_TgdjFL7r,BADEROM DUSJ
https://prod-c467854.s3.eu-north-1.amazonaws.com/accounts/105/files/CgFwak6zns2qprJ_Izh--,RØROPPLEGG
https://prod-c467854.s3.eu-north-1.amazonaws.com/accounts/105/files/Cj53ddKAIOWKZ1To2W6vE,BADEROM DUSJ
https://prod-c467854.s3.eu-north-1.amazonaws.com/accounts/105/files/ck6kiq1ag021d08n3bj2ia5js,AVLØP BUNNLEDNING
https://prod-c467854.s3.eu-north-1.amazonaws.com/accounts/105/files/ck6kixxeh01rs08oybkh15oc4,UTEKRAN
https://prod-c467854.s3.eu-north-1.amazonaws.com/accounts/105/files/ckb7tpydc003d08n2bot5a3p8,KONTOR
https://prod-c467854.s3.eu-north-1.amazonaws.com/accounts/105/files/ClIG64hk0mMMFe5S_cX3A,SERVANT
https://prod-c467854.s3.eu-north-1.amazonaws.com/accounts/105/files/CZYVLReSgaIvoDPNCkm4I,SERVANT
https://prod-c467854.s3.eu-north-1.amazonaws.com/accounts/105/files/DfVczo57OZLeThPzeyvHL,BUNNLEDNING
https://prod-c467854.s3.eu-north-1.amazonaws.com/accounts/105/files/DhSaogU0t-7FpOolCAU6L,RØROPPLEGG SERVANT
https://prod-c467854.s3.eu-north-1.amazonaws.com/accounts/105/files/DOePZtYiFaQ_5m8cktZT0,RØROPPLEGG
https://prod-c467854.s3.eu-north-1.amazonaws.com/accounts/105/files/Dr4exFcVXt_QB6Q-vySbZ,BADEROM
https://prod-c467854.s3.eu-north-1.amazonaws.com/accounts/105/files/EGGiLL2bgLQlS9BtTDzmT,RØROPPLEGG
https://prod-c467854.s3.eu-north-1.amazonaws.com/accounts/105/files/EnzTkc7LWNb2xFDJYQbzp,RØROPPLEGG
https://prod-c467854.s3.eu-north-1.amazonaws.com/accounts/105/files/EWb6sI1hIL1dC4_OyCv8p,ARBEIDSPLASS
https://prod-c467854.s3.eu-north-1.amazonaws.com/accounts/105/files/F5N40UrANMGW4iF6zKukI,BADEROM DUSJ
https://prod-c467854.s3.eu-north-1.amazonaws.com/accounts/105/files/GB5wsniq7RJWVreWoWE-2,RØROPPLEGG
https://prod-c467854.s3.eu-north-1.amazonaws.com/accounts/105/files/GF51c_NG1LEzVPiIOAmFb,RØROPPLEGG
https://prod-c467854.s3.eu-north-1.amazonaws.com/accounts/105/files/GlLJcD8YP5W-B-45d5g5J,RØRARBEID ARBEIDSPLASS
https://prod-c467854.s3.eu-north-1.amazonaws.com/accounts/105/files/GR7dpW15XWSur0hDoF5Ko,DUSJ BADEROM
https://prod-c467854.s3.eu-north-1.amazonaws.com/accounts/105/files/GYqsd01wbHevyZ2Z88Iy9,
https://prod-c467854.s3.eu-north-1.amazonaws.com/accounts/105/files/HG45CAciqQu_Eud-nYDPi,RØROPPLEGG AVLØP
https://prod-c467854.s3.eu-north-1.amazonaws.com/accounts/105/files/HQ0hvp8urclTFxGycvpJw,SERVANT
https://prod-c467854.s3.eu-north-1.amazonaws.com/accounts/105/files/IehU3FujgutucEYITUHn4,BADEROM  DUSJ
https://prod-c467854.s3.eu-north-1.amazonaws.com/accounts/105/files/ImuwhKoMkaucdNSGAfwtC,BADEROM DUSJ
https://prod-c467854.s3.eu-north-1.amazonaws.com/accounts/105/files/ITIMDxiJSYZvT5ybjdh0c,BADEROM TOALETT
https://prod-c467854.s3.eu-north-1.amazonaws.com/accounts/105/files/JBoHozopcw1Y_dTmL4sKw,RØROPPLEGG
https://prod-c467854.s3.eu-north-1.amazonaws.com/accounts/105/files/JHODDAj-w_Xb4YyPRLPgv,BADEROM
https://prod-c467854.s3.eu-north-1.amazonaws.com/accounts/105/files/JIEJh-YMJQROIbKSmJ0V9,BADEROM
https://prod-c467854.s3.eu-north-1.amazonaws.com/accounts/105/files/JIlSY6UvqMyMf7ef-EIEi,RØRARBEID VARMTVANNSBEREDER
https://prod-c467854.s3.eu-north-1.amazonaws.com/accounts/105/files/Jvobzi7C9i7f2kH9560YK,FORDELERSKAP RØROPPLEGG BADEROM
https://prod-c467854.s3.eu-north-1.amazonaws.com/accounts/105/files/Jy2zzpFHlar-Oy4t7eS3Y,RØROPPLEGG
https://prod-c467854.s3.eu-north-1.amazonaws.com/accounts/105/files/K_CUOywHlEfNGeWe2lr2p,VARMTVANNSBEREDER
https://prod-c467854.s3.eu-north-1.amazonaws.com/accounts/105/files/K9Q7f4xOpNuicxJsHZSiK,RØROPPLEGG SERVANT
https://prod-c467854.s3.eu-north-1.amazonaws.com/accounts/105/files/KAxGid1l1w4r_ZxAFg4Vy,ARBEIDSPLASS
https://prod-c467854.s3.eu-north-1.amazonaws.com/accounts/105/files/KdG2ocr4FexjIzaeXqbuB,RØROPPLEGG
https://prod-c467854.s3.eu-north-1.amazonaws.com/accounts/105/files/Kl-TULTZDRbiTZ6C5V2e8,RØROPPLEGG
https://prod-c467854.s3.eu-north-1.amazonaws.com/accounts/105/files/KmTrMTfNpWWVOnNl65bWB,RØRARBEID ARBEIDSPLASS
https://prod-c467854.s3.eu-north-1.amazonaws.com/accounts/105/files/KNkf56O-7IbpY_K0xp8IV,RØROPPLEGG
https://prod-c467854.s3.eu-north-1.amazonaws.com/accounts/105/files/Kri1MBoo8wdzcIOwIo5Pu,RØROPPLEGG
https://prod-c467854.s3.eu-north-1.amazonaws.com/accounts/105/files/L4FCmMQbUI865fhhUGoI3,RØROPPLEGG
https://prod-c467854.s3.eu-north-1.amazonaws.com/accounts/105/files/L9io_o9eZb-4ocOJssBIK,AVLØP RØRARBEID BADEROM
https://prod-c467854.s3.eu-north-1.amazonaws.com/accounts/105/files/LM16U3L8eh8svSWjNJeC5,RØROPPLEGG
https://prod-c467854.s3.eu-north-1.amazonaws.com/accounts/105/files/LUP-kcPbNqp9T1O7H8AvH,AVLØP SERVANT
https://prod-c467854.s3.eu-north-1.amazonaws.com/accounts/105/files/M7gSCI1BihDrom8ttsfmU,
https://prod-c467854.s3.eu-north-1.amazonaws.com/accounts/105/files/M8b0rJJYIxy3JGA-9H5Bq,BADEROM DUSJ
https://prod-c467854.s3.eu-north-1.amazonaws.com/accounts/105/files/M9UKFPUfcPtj9C-60S1oo,SERVANT AVLØP BADEROM
https://prod-c467854.s3.eu-north-1.amazonaws.com/accounts/105/files/Mc5xKCxWsD_BX7p9rSITU,RØROPPLEGG
https://prod-c467854.s3.eu-north-1.amazonaws.com/accounts/105/files/MV1RE86mzP-N8rRK9u-fp,BUNNLEDNING
https://prod-c467854.s3.eu-north-1.amazonaws.com/accounts/105/files/MYwoHx2iKZj_U-91osKvM,RØROPPLEGG VARMTVANNSBEREDER
https://prod-c467854.s3.eu-north-1.amazonaws.com/accounts/105/files/MZBlzy13Sj00sQdTC8ccE,BADEROM DUSJ
https://prod-c467854.s3.eu-north-1.amazonaws.com/accounts/105/files/NA4dTUVwsUbXzpBzzUtyL,
https://prod-c467854.s3.eu-north-1.amazonaws.com/accounts/105/files/Nqu743oytif4aDgRBvsK1,ARBEIDSPLASS
https://prod-c467854.s3.eu-north-1.amazonaws.com/accounts/105/files/OjWxiNRt1xs632IbscSpe,AVLØP
https://prod-c467854.s3.eu-north-1.amazonaws.com/accounts/105/files/PuVxe62_fprqRkNY3JELG,DUSJ
https://prod-c467854.s3.eu-north-1.amazonaws.com/accounts/105/files/QjEBXdJCa8WfndPRoWA84,SERVANT
https://prod-c467854.s3.eu-north-1.amazonaws.com/accounts/105/files/QzBN6-Wxizd7N8mPD2mKq,RØROPPLEGG
https://prod-c467854.s3.eu-north-1.amazonaws.com/accounts/105/files/RtBITiVTHQkx0N6r4kcM0,SERVANT AVLØP KJØKKEN
https://prod-c467854.s3.eu-north-1.amazonaws.com/accounts/105/files/SP-KnBmNyAtrutJIdLqsE,AVLØP SERVANT BADEROM
https://prod-c467854.s3.eu-north-1.amazonaws.com/accounts/105/files/StHM6_2CZnhU1RHK9wn0w,TOALETT BADEROM
https://prod-c467854.s3.eu-north-1.amazonaws.com/accounts/105/files/SU7WzU_XH1jfGLgDaVm1v,DUSJ BADEROM
https://prod-c467854.s3.eu-north-1.amazonaws.com/accounts/105/files/T8h8bqACT4S6yEe15oW8Q,SERVANT AVLØP BADEROM
https://prod-c467854.s3.eu-north-1.amazonaws.com/accounts/105/files/Ti25zwukkWxllcmCQvqGY,DUSJ BADEROM
https://prod-c467854.s3.eu-north-1.amazonaws.com/accounts/105/files/TJqricsbG9_-PeeJbNb3C,FORDELERSKAP BADEROM
https://prod-c467854.s3.eu-north-1.amazonaws.com/accounts/105/files/TnmeZ9DZ2MeS_ww-0eqCx,ARBEIDSPLASS
https://prod-c467854.s3.eu-north-1.amazonaws.com/accounts/105/files/TveD6_AcZP0kiZdX00I_C,RØROPPLEGG
https://prod-c467854.s3.eu-north-1.amazonaws.com/accounts/105/files/TyLuV5Apoj4PjB3HmG4q9,RØROPPLEGG
https://prod-c467854.s3.eu-north-1.amazonaws.com/accounts/105/files/UzM0FiSsI78Hou5RoiaPl,AVLØP SERVANT KJØKKEN
https://prod-c467854.s3.eu-north-1.amazonaws.com/accounts/105/files/Vav2XMzNdxAhqKWUq1IKV,RØROPPLEGG SERVANT KJØKKEN
https://prod-c467854.s3.eu-north-1.amazonaws.com/accounts/105/files/VsDgJqvNQtb82Y0FixiIr,RØROPPLEGG
https://prod-c467854.s3.eu-north-1.amazonaws.com/accounts/105/files/VVhfkMeKIHOlFo4SkPhJy,SLUK
https://prod-c467854.s3.eu-north-1.amazonaws.com/accounts/105/files/W66AgCFM9PKoWwDEGSHUk,RØROPPLEGG
https://prod-c467854.s3.eu-north-1.amazonaws.com/accounts/105/files/WiVkfUO1K_qNN7qGgQBey,BADEROM
https://prod-c467854.s3.eu-north-1.amazonaws.com/accounts/105/files/Wn4zFwEatl_qpDcWhPnGp,BADEROM
https://prod-c467854.s3.eu-north-1.amazonaws.com/accounts/105/files/WOiSBM4HmG3zbkgKOtyto,RØROPPLEGG
https://prod-c467854.s3.eu-north-1.amazonaws.com/accounts/105/files/X98rbS3d2Co1xq8OhUeo8,SERVANT AVLØP KJØKKEN
https://prod-c467854.s3.eu-north-1.amazonaws.com/accounts/105/files/XFPEGtLuIeHxNTDaZJcLd,RØROPPLEGG ARBEIDSPLASS
https://prod-c467854.s3.eu-north-1.amazonaws.com/accounts/105/files/XisQjxEcbMUYAkZnzKTsk,RØROPPLEGG
https://prod-c467854.s3.eu-north-1.amazonaws.com/accounts/105/files/XNej4AAZyX3upl1rp0o1d,BADEROM SERVANT
https://prod-c467854.s3.eu-north-1.amazonaws.com/accounts/105/files/YA3bDRV1SesXUJCxVsW4N,RØROPPLEGG
https://prod-c467854.s3.eu-north-1.amazonaws.com/accounts/105/files/YHWM9DRjTP-8GF0Ua8fXm,ARBEIDSTEGNINGER
https://prod-c467854.s3.eu-north-1.amazonaws.com/accounts/105/files/YIbO4c7an8UZjOUjkJm8u,DUSJ BADEROM
https://prod-c467854.s3.eu-north-1.amazonaws.com/accounts/105/files/YPB_m0yuvhAkTi64vzD1v,FORDELERSKAP RØROPPLEGG ARBEIDSPLASS
https://prod-c467854.s3.eu-north-1.amazonaws.com/accounts/105/files/ZFp2aR7wB5ID4eFm5PZWz,RØROPPLEGG
https://prod-c467854.s3.eu-north-1.amazonaws.com/accounts/105/files/ZkZw_mQhgq_UOq-SYWtMz,RØROPPLEGG
https://prod-c467854.s3.eu-north-1.amazonaws.com/accounts/128/files/-3nTRuWveJBUA6t9-qzwq,RØROPPLEGG
https://prod-c467854.s3.eu-north-1.amazonaws.com/accounts/128/files/-6WJOvSTIe0ui1lLD0J-j,BADEROM DUSJ
https://prod-c467854.s3.eu-north-1.amazonaws.com/accounts/128/files/-7LZCWeo_2EJNSb2zvaUl,RØROPPLEGG
https://prod-c467854.s3.eu-north-1.amazonaws.com/accounts/128/files/-8_t6LREJMBsWD_dFBMAq,KJØKKEN
https://prod-c467854.s3.eu-north-1.amazonaws.com/accounts/128/files/-9kyXRmvVG_notzmGiG2H,AVLØP RØROPPLEGG
https://prod-c467854.s3.eu-north-1.amazonaws.com/accounts/128/files/-BcOtxNdEX2SuqBQhasur,BADEROM SERVANT DUSJ TOALETT
https://prod-c467854.s3.eu-north-1.amazonaws.com/accounts/128/files/-Bip81_SUaK9yGqaowXL0,BADEROM DUSJ TOALETT
https://prod-c467854.s3.eu-north-1.amazonaws.com/accounts/128/files/-cikxsfeyLWo-LcbDFlRr,AVLØP BUNNLEDNING
https://prod-c467854.s3.eu-north-1.amazonaws.com/accounts/128/files/-gALFShlS-FHI3_WDQH_Z,AVLØP SERVANT KJØKKEN
https://prod-c467854.s3.eu-north-1.amazonaws.com/accounts/128/files/-gq3N4f2769ppLhRPk06l,RØROPPLEGG FORDELERSKAP ARBEIDSPLASS
https://prod-c467854.s3.eu-north-1.amazonaws.com/accounts/128/files/-J_w1ZroUTevdhavKmB6M,RØROPPLEGG
https://prod-c467854.s3.eu-north-1.amazonaws.com/accounts/128/files/-Ja_4vptlj41BNmLM7tYD,AVLØP SERVANT BADEROM
https://prod-c467854.s3.eu-north-1.amazonaws.com/accounts/128/files/-jbPNLFzYuaVLKuPU2qj2,ARBEIDSTEGNINGER DRENERING AVLØP UTE
https://prod-c467854.s3.eu-north-1.amazonaws.com/accounts/128/files/-jeRKC1iZLCWufcVNSLuy,AVLØP DRENERING VA
https://prod-c467854.s3.eu-north-1.amazonaws.com/accounts/128/files/-pOjyhcd_vdNzXPgGRhSF,RØROPPLEGG
https://prod-c467854.s3.eu-north-1.amazonaws.com/accounts/128/files/-PSD4AuvWBtxEyhhv5sZR,RØROPPLEGG
https://prod-c467854.s3.eu-north-1.amazonaws.com/accounts/128/files/-tbRTU9QExXdYrKDMcY8h,FORDELERSKAP BADEROM
https://prod-c467854.s3.eu-north-1.amazonaws.com/accounts/128/files/-TYrQ1FcgHt9GuZsO2KRT,RØROPPLEGG ARBEIDSPLASS
https://prod-c467854.s3.eu-north-1.amazonaws.com/accounts/128/files/-WAoHnTQ9Fj2A4eLlDb1Q,RADIATOR
https://prod-c467854.s3.eu-north-1.amazonaws.com/accounts/128/files/0_72fZ4FPFVmr4bMniUjA,RØROPPLEGG
https://prod-c467854.s3.eu-north-1.amazonaws.com/accounts/128/files/0_bXIk3oy1ai5Zw8gvdnt,RØROPPLEGG
https://prod-c467854.s3.eu-north-1.amazonaws.com/accounts/128/files/0_u77Jqjbnd6yH0VPLp43,RØROPPLEGG
https://prod-c467854.s3.eu-north-1.amazonaws.com/accounts/128/files/0A_DTV4beA6xbB2F_-acO,ARBEIDSPLASS
https://prod-c467854.s3.eu-north-1.amazonaws.com/accounts/128/files/0dZUMfVLS1qEoOuACwH9o,RØROPPLEGG
https://prod-c467854.s3.eu-north-1.amazonaws.com/accounts/128/files/0GjX26HVBr03oB-cAxIO7,KJØKKEN SERVANT
https://prod-c467854.s3.eu-north-1.amazonaws.com/accounts/128/files/0hsgJyBIJttkE5y6ymJlT,RØROPPLEGG UTE
https://prod-c467854.s3.eu-north-1.amazonaws.com/accounts/128/files/0iyHwCPIcYpIMGkqGPrrn,RØROPPLEGG
https://prod-c467854.s3.eu-north-1.amazonaws.com/accounts/128/files/0JshX8roq-jiIFEWJlx69,UTE
https://prod-c467854.s3.eu-north-1.amazonaws.com/accounts/128/files/0nJWv6tG13t_ZPL1mhjXP,AVLØP KJØKKEN
https://prod-c467854.s3.eu-north-1.amazonaws.com/accounts/128/files/0s8m6eHubSmdXHF6UbHUq,
https://prod-c467854.s3.eu-north-1.amazonaws.com/accounts/128/files/0TqfXqFr_-hbWsp20I1lE,BADEROM SERVANT
https://prod-c467854.s3.eu-north-1.amazonaws.com/accounts/128/files/0u4RJhN6neVjT2yukeOHD,RØROPPLEGG
https://prod-c467854.s3.eu-north-1.amazonaws.com/accounts/128/files/0v_8qkmli0ZCfOQzjh2mo,RØROPPLEGG
https://prod-c467854.s3.eu-north-1.amazonaws.com/accounts/128/files/0VIzENic-bKSbK45PblBA,AVLØP VA
https://prod-c467854.s3.eu-north-1.amazonaws.com/accounts/128/files/0wcHSz4hLjn50-cJyWX9a,SERVANT RØROPPLEGG
https://prod-c467854.s3.eu-north-1.amazonaws.com/accounts/128/files/0XeN9noVywi2YvlA2iIVt,BADEROM DUSJ
https://prod-c467854.s3.eu-north-1.amazonaws.com/accounts/128/files/1-7RaMrCB9dzlbwpn_VY9,RØRARBEID VARMTVANNSBEREDER
https://prod-c467854.s3.eu-north-1.amazonaws.com/accounts/128/files/1C6fcQ8CU94r8I1d_AP4Z,DUSJ BADEROM
https://prod-c467854.s3.eu-north-1.amazonaws.com/accounts/128/files/1M06r2rl22DmXJH7zIJru,UTE
https://prod-c467854.s3.eu-north-1.amazonaws.com/accounts/128/files/1mlu24jpMfby68NZ8_Xi9,SERVANT
https://prod-c467854.s3.eu-north-1.amazonaws.com/accounts/128/files/1NO82lk9wmYY8NULATQT3,RØROPPLEGG
https://prod-c467854.s3.eu-north-1.amazonaws.com/accounts/128/files/1o5GcqoCL8jN-qiRSlhw9,BADEROM TOALETT
https://prod-c467854.s3.eu-north-1.amazonaws.com/accounts/128/files/1oi02HaTJsZGliM4Il717,RØROPPLEGG
https://prod-c467854.s3.eu-north-1.amazonaws.com/accounts/128/files/1P7u8y5Najf0SNYT59Kxq,RØROPPLEGG
https://prod-c467854.s3.eu-north-1.amazonaws.com/accounts/128/files/1px0rssxdvD4C_GS9g3Ae,RØROPPLEGG
https://prod-c467854.s3.eu-north-1.amazonaws.com/accounts/128/files/1qgI4_ggXUJRTZLnRY81T,SLUK AVLØP BADEROM
https://prod-c467854.s3.eu-north-1.amazonaws.com/accounts/128/files/1QHe92gmCrKObM5bNTT4p,RØROPPLEGG
https://prod-c467854.s3.eu-north-1.amazonaws.com/accounts/128/files/1qj9H4lCeJTpQqIW-QISN,ARBEIDSPLASS
https://prod-c467854.s3.eu-north-1.amazonaws.com/accounts/128/files/1RFFVzryLQBV_9aZ7257g,ARBEIDSPLASS
https://prod-c467854.s3.eu-north-1.amazonaws.com/accounts/128/files/1s4YV2Fs8iNH2L78mhHGu,ARBEIDSPLASS
https://prod-c467854.s3.eu-north-1.amazonaws.com/accounts/128/files/1sY1H1RRJ7ToFnPB6qTzk,RØROPPLEGG
https://prod-c467854.s3.eu-north-1.amazonaws.com/accounts/128/files/1yhaEmCzpOeByvZhlBbJC,BADEROM TOALETT
https://prod-c467854.s3.eu-north-1.amazonaws.com/accounts/128/files/2-ihmt0tNAFh_gGiZ0qDZ,BADEROM
https://prod-c467854.s3.eu-north-1.amazonaws.com/accounts/128/files/2-yVsVvHpXjUcM3M0e1x8,RØROPPLEGG
https://prod-c467854.s3.eu-north-1.amazonaws.com/accounts/128/files/20kbxwPpP5wgm96hWd41r,RØROPPLEGG
https://prod-c467854.s3.eu-north-1.amazonaws.com/accounts/128/files/21L2z32VFduri2XbmdXtY,RØRARBEID
https://prod-c467854.s3.eu-north-1.amazonaws.com/accounts/128/files/2b3jlGzP7RBx-JTq8Dvmv,SERVANT KJØKKEN
https://prod-c467854.s3.eu-north-1.amazonaws.com/accounts/128/files/2By57c1vTdcMl6EhAy2yT,RØROPPLEGG BUNNLEDNING
https://prod-c467854.s3.eu-north-1.amazonaws.com/accounts/128/files/2D24baPQ4nNaXSMZgFO2c,ARBEIDSPLASS
https://prod-c467854.s3.eu-north-1.amazonaws.com/accounts/128/files/2EKWcNLHY-DhC4MhWy9dd,RØROPPLEGG BADEROM
https://prod-c467854.s3.eu-north-1.amazonaws.com/accounts/128/files/2eOU6gJI2OfPjL5g-k-YX,AVLØP RØROPPLEGG
https://prod-c467854.s3.eu-north-1.amazonaws.com/accounts/128/files/2gcbMXZ05cvGzq_HxAEPs,VARMTVANNSBEREDER AVLØP
https://prod-c467854.s3.eu-north-1.amazonaws.com/accounts/128/files/2jHzwbnm8u2W7Z9E9mgrF,SLUK AVLØP BADEROM
https://prod-c467854.s3.eu-north-1.amazonaws.com/accounts/128/files/2kfSkmp8jbBQZ70SYPMjr,VARMEPUMPE
https://prod-c467854.s3.eu-north-1.amazonaws.com/accounts/128/files/2LBW_BoeD3FRQn6NuJGeU,RØRARBEID BUNNLEDNING
https://prod-c467854.s3.eu-north-1.amazonaws.com/accounts/128/files/2r4mJTJIvSjqCNQ2qRVrP,RØROPPLEGG AVLØP ARBEIDSPLASS
https://prod-c467854.s3.eu-north-1.amazonaws.com/accounts/128/files/2wypREmY2y2OoZmmW7ENj,RØROPPLEGG SLUK ARBEIDSPLASS
https://prod-c467854.s3.eu-north-1.amazonaws.com/accounts/128/files/2X-NXAUL86HWiQlqqgzYP,FORDELERSKAP VASKEROM
https://prod-c467854.s3.eu-north-1.amazonaws.com/accounts/128/files/2ZijX6kaIxwBciDKzLzqw,RØRARBEID RØROPPLEGG
https://prod-c467854.s3.eu-north-1.amazonaws.com/accounts/128/files/313wTPSNLuVp9BN93yHDG,SLUK RØROPPLEGG ARBEIDSPLASS
https://prod-c467854.s3.eu-north-1.amazonaws.com/accounts/128/files/33cSDIhQ1hDOiFNKLyYbI,LAGER
https://prod-c467854.s3.eu-north-1.amazonaws.com/accounts/128/files/35xzqHNeIsMnBRYF8A42N,SERVANT AVLØP BADEROM
https://prod-c467854.s3.eu-north-1.amazonaws.com/accounts/128/files/389NYff1XdxsK4yU7auOy,BADEROM
https://prod-c467854.s3.eu-north-1.amazonaws.com/accounts/128/files/38XDGl69WhhLKHedy-P-B,VARMTVANNSBEREDER BADEROM
https://prod-c467854.s3.eu-north-1.amazonaws.com/accounts/128/files/3bxtr01Nd_Eceexfo2nHH,TOALETT
https://prod-c467854.s3.eu-north-1.amazonaws.com/accounts/128/files/3C8Rsc6fM-NH2E-qdX1gX,RØROPPLEGG
https://prod-c467854.s3.eu-north-1.amazonaws.com/accounts/128/files/3djkbvkaNXZ8zhX1TX-cH,RØROPPLEGG AVLØP ARBEIDSPLASS
https://prod-c467854.s3.eu-north-1.amazonaws.com/accounts/128/files/3dv9M7MRfUwBW9MJryMCy,VARMTVANNSBEREDER
https://prod-c467854.s3.eu-north-1.amazonaws.com/accounts/128/files/3F8GzgmuBUWpd6Qzq1t8L,BADEROM TOALETT RØROPPLEGG
https://prod-c467854.s3.eu-north-1.amazonaws.com/accounts/128/files/3LPacSJ_Sy38rtIseUDtb,RØRARBEID ARBEIDSPLASS
https://prod-c467854.s3.eu-north-1.amazonaws.com/accounts/128/files/3oXVxlCDCDjxnh9sPYA7g,AVLØP RØROPPLEGG
https://prod-c467854.s3.eu-north-1.amazonaws.com/accounts/128/files/3ynmZHqRHyVzbTpGfE2ae,RØROPPLEGG ARBEIDSPLASS
https://prod-c467854.s3.eu-north-1.amazonaws.com/accounts/128/files/42g9_bnsejeF-MwZsJ-Yw,AVLØP RØROPPLEGG
https://prod-c467854.s3.eu-north-1.amazonaws.com/accounts/128/files/47D-fxgog0dDsDetiHKS5,AVLØP UTE
https://prod-c467854.s3.eu-north-1.amazonaws.com/accounts/128/files/4BU3xA657kgSmMQ-WIKI7,DUSJ BADEROM
https://prod-c467854.s3.eu-north-1.amazonaws.com/accounts/128/files/4DA13BOTjT7jLm_POzkLQ,RØROPPLEGG VARMTVANNSBEREDER
https://prod-c467854.s3.eu-north-1.amazonaws.com/accounts/128/files/4Doj2ek6VWMlK8tsnp-qG,AVLØP UTE
https://prod-c467854.s3.eu-north-1.amazonaws.com/accounts/128/files/4GEdd9mX5cOM38vcpl7YL,RØRARBEID BUNNLEDNING
https://prod-c467854.s3.eu-north-1.amazonaws.com/accounts/128/files/4HYJ5ZapGVGR0S2WgDDBi,
https://prod-c467854.s3.eu-north-1.amazonaws.com/accounts/128/files/4KC4p_-93p9eirZblsUIW,VA
https://prod-c467854.s3.eu-north-1.amazonaws.com/accounts/128/files/4NKVtheGchngUlEtnBeXM,DUSJ
https://prod-c467854.s3.eu-north-1.amazonaws.com/accounts/128/files/4Nw55yaNs1IDHjtLBNAub,RØROPPLEGG BADEROM
https://prod-c467854.s3.eu-north-1.amazonaws.com/accounts/128/files/4Pl2LZV6h37SoCf_pPfYt,BADEROM  SERVANT
https://prod-c467854.s3.eu-north-1.amazonaws.com/accounts/128/files/4SLU43Uj6ZIWSge4zxlTw,BADEROM DUSJ TOALETT
https://prod-c467854.s3.eu-north-1.amazonaws.com/accounts/128/files/4TjEuo1Cf_IVhpqrjqMPP,SLUK BADEROM
https://prod-5929f14.s3.eu-north-1.amazonaws.com/accounts/136/files/ck57u426r002107h27sysbyxz,TOALETT BADEROM
https://prod-c467854.s3.eu-north-1.amazonaws.com/accounts/128/files/0DvB7WvzlCBBbCrMDVaER,TOALETT RØROPPLEGG ARBEIDSPLASS
https://prod-c467854.s3.eu-north-1.amazonaws.com/accounts/128/files/0b7Na1mwM5yqImYxiJjMx,RØRARBEID
https://prod-5929f14.s3.eu-north-1.amazonaws.com/accounts/111/files/ck5m9falk00c707m1grwxavtd,RØROPPLEGG AVLØP
https://prod-5929f14.s3.eu-north-1.amazonaws.com/accounts/111/files/ck4cop5vk004j08fxdqzyh888,SERVANT BADEROM
https://prod-c467854.s3.eu-north-1.amazonaws.com/accounts/128/files/1zSqmJaqbwKE4x4RdohBW,RØROPPLEGG RØRARBEID ARBEIDSPLASS
https://prod-5929f14.s3.eu-north-1.amazonaws.com/accounts/111/files/ck35jbm6f00280conext27nzw,RØROPPLEGG AVLØP
https://prod-5929f14.s3.eu-north-1.amazonaws.com/accounts/111/files/ck3g6iqv8000b07nt3rezcxrl,AVLØP